,col 1,col 2,col 3,col 4,medias
linha 1,2.6,2.8,34.729,0.069,10.0495
linha 2,0.139,1.612,1.673,5.893,2.32925
linha 3,0.263,0.372,2.6,2.8,1.50875
linha 4,34.729,0.069,0.139,1.612,9.137250000000002
linha 5,1.673,5.893,0.263,0.372,2.05025
medias,7.881,2.149,7.881,2.149,5.015000000000001
