M,K,V,T,G,L,A,F,C,R,Y,S,E,Q,I,P,D,N,H,W,Sigla,Valina,Média_AA
14.0,27.0,50.0,36,47,69.0,76,21.0,7,47.0,15.0,82.0,46.0,42.0,18.0,54.0,20.0,18.0,13.0,5.0,ROP16,50.0,36.04761904761905
9.0,26.0,50.0,50,66,103.0,109,46.0,17,113.0,8.0,122.0,70.0,43.0,17.0,73.0,52.0,17.0,25.0,2.0,ROP18,50.0,50.857142857142854
2.0,12.0,17.0,20,51,19.0,44,8.0,6,30.0,2.0,37.0,48.0,15.0,8.0,22.0,20.0,5.0,8.0,3.0,GRA7,17.0,18.761904761904763
0.0,0.0,0.0,143,151,0.0,112,0.0,155,0.0,0.0,0.0,0.0,0.0,0.0,0.0,0.0,0.0,0.0,0.0,SAG2,0.0,26.714285714285715
2.0,10.0,11.0,2,1,13.0,7,3.0,5,6.0,2.0,4.0,3.0,3.0,4.0,4.0,2.0,8.0,2.0,1.0,IL6,11.0,4.9523809523809526
